"Reference","Qty","Value","DNP","Exclude from BOM","Exclude from Board","Footprint","Datasheet","MPN","Manufacturer","Descripción","Alternates accepted"
"U3","1","BD33FC0FP-E2","","","","IC:TO-252-2","https://www.mouser.be/datasheet/2/348/bdxxfc0wefj-e-1874088.pdf","BD33FC0FP-E2","Onsemi","","No"
"U5","1","CP2102N-A02-GQFN24","","","","Package_DFN_QFN:QFN-24-1EP_4x4mm_P0.5mm_EP2.6x2.6mm","https://www.silabs.com/documents/public/data-sheets/cp2102n-datasheet.pdf","CP2102N-A02-GQFN24","Silicon Labs","USB Bridge, USB to UART USB 2.0 UART Interface 24-QFN (4x4)","No"
"U6","1","ESP32-S3-WROOM","","","","Processor:ESP32-S3-WROOM","https://www.espressif.com/sites/default/files/documentation/esp32-s3-wroom-1_wroom-1u_datasheet_en.pdf","ESP32-S3-WROOM-1-N16","Espressif","","No"
"U12","1","LM2735X","","","","IC:WSON-6-1EP_3x3mm_P0.95mm","https://www.ti.com/lit/ds/symlink/lm2735.pdf","LM2735XSD/NOPB","Texas Instruments","LM2735X 1.6-MHz Space-Efficient Boost and SEPIC DC/DC Regulator WSON-6",""
"U10","1","MCP3464RT-E_NC","","","","IC:UQFN-20-1EP_3x3mm_P0.4mm_EP1.85x1.85mm_ThermalVias","https://ww1.microchip.com/downloads/en/DeviceDoc/MCP3461-2-4-Two-Four-Eight-Channel-153.6-ksps-Low-Noise-16-Bit-Delta-Sigma-ADC-Data-Sheet-20006180D.pdf","MCP3464RT-E/NC","Microchip","","No"
"U7","1","MCP7940N-I/SN","","","","IC:SOIC-8_3.9x4.9mm_P1.27mm","https://eu.mouser.com/datasheet/2/268/MCP7940N_Battery_Backed_I2C_RTCC_with_SRAM_2000501-2937048.pdf","MCP7940N-I/SN","Microchip","","No"
"U2","1","MCP73833-DFN","","","","IC:DFN-10-1EP_3x3mm_P0.5mm_EP1.65x2.38mm_ThermalVias","https://www.mouser.be/datasheet/2/268/MCHPS02791_1-2520625.pdf","MCP73833-BZI/MF","Microchip","","No"
"U13","1","REF5025AID","","","","Package_SO:SOIC-8_3.9x4.9mm_P1.27mm","http://www.ti.com/lit/ds/symlink/ref5030.pdf","REF5025AID","Texas Instruments","","No"
"U8","1","SHT40-AD1B-R2","","","","IC:DFN-4","https://www.sensirion.com/fileadmin/user_upload/customers/sensirion/Dokumente/2_Humidity_Sensors/Datasheets/Sensirion_Humidity_Sensors_SHT4x_Datasheet.pdf","SHT40-AD1B-R2","Sensirion","","No"
"U4","1","SP3485EN-L/TR","","","","Package_SO:SOIC-8_3.9x4.9mm_P1.27mm","https://datasheets.maximintegrated.com/en/ds/MAX3483-MAX3491.pdf","SP3485EN-L/TR","Exar","","No"
"U9","1","TLV9054","","","","IC:QFN-16-1EP_3x3mm_P0.5mm_EP1.7x1.7mm","https://www.ti.com/lit/gpn/tlv9052","TLV9054SIRTER","Texas Instruments","","No"
"U1","1","TPS54331DR","","","","Package_SO:SOIC-8-1EP_3.9x4.9mm_P1.27mm_EP2.29x3mm_ThermalVias","","TPS54331DR","Texas Instruments","","No"
"U11","1","ULN2003D1013TR","","","","IC:SO-16_3.9x9.9mm_P1.27mm","https://www.st.com/content/ccc/resource/technical/document/datasheet/f3/6e/c8/64/4d/b3/4e/38/CD00001244.pdf/files/CD00001244.pdf/jcr:content/translations/en.CD00001244.pdf","ULN2003D1013TR","ST Microelectronics","TRANSISTOR ARRAY, 7 NPN 50V 500 mA","No"
